RBR,Naziv,Autor,Autor komentara,Autor dodataka,Urednik,Prevoditelj,Ilustrator,Naslov,Godina izdavanja,Tiskar,Mjesto tiskanja,Ustanova,Mjesto,,
96,"VERGILIUS MARO, PUBLIUS    ","VERGILIUS MARO, PUBLIUS",,,,,,Opera,1488,"Paltašiæ, Andrija",Venecija,Nacionalna i sveučilišna knjižnica u Zagrebu,Zagreb,,
95,"VERGERIUS, PETRUS PAULUS    ","VERGERIUS, PETRUS PAULUS    ",,,,,,De ingenuis moribus ac liberalibus studiis,1497,"Tacuinus, Giovanni",Venecija,Nacionalna i sveučilišna knjižnica u Zagrebu,Zagreb,,
94,"VERGERIUS, PETRUS PAULUS    ","VERGERIUS, PETRUS PAULUS","Bonardus, Johannes",,"Calphurnius, Johannes","Bruni, Leonardo
Guarinus, Veronensis",,De ingenuis moribus ac liberalibus studiis,1475,"Siliprandi, Domenico",Padova,Sveučilišna knjižnica u Puli,Pula,,
93,"VARRO, MARCUS TERENTIUS    ","VARRO, MARCUS TERENTIUS",,,"Laetus Pomponius, Julius
Rolandello, Francesco",,,De lingua Latina lib. III.,1483,"Dobriæeviæ, Dobriæ
Delsera, Miniatus",Brescia,"Nacionalna i sveučilišna knjižnica u Zagrebu
Zbirka Baltazara Bogišića","Zagreb
Cavtat",,
92,"VALTURIUS, ROBERTUS    ","VALTURIUS, ROBERTUS    ",,,,"Ramusio, Paolo",,De re militari,1483,"Dobriæeviæ, Dobriæ",Verona,Metropolitanska knjižnica,Zagreb,,
91,"VALTURIUS, ROBERTUS    ","VALTURIUS, ROBERTUS",,,,"Ramusio, Paolo",,De re militari,1483,"Dobriæeviæ, Dobriæ",Verona,Nacionalna i sveučilišna knjižnica u Zagrebu,Zagreb,,
90,"TORTELLIUS, JOHANNES    ","TORTELLIUS, JOHANNES",,,,,,De orthographia dictionum e Graecis tractarum.,1488,"Paltašiæ, Andrija",Venecija,Nacionalna i sveučilišna knjižnica u Zagrebu,Zagreb,,
89,"TIBULLUS, ALBIUS    ","TIBULLUS, ALBIUS    ",,,,,,Elegiae,1487,"Paltašiæ, Andrija",Venecija,Nacionalna i sveučilišna knjižnica u Zagrebu,Zagreb,,
88,"TIBULLUS, ALBIUS    ",,"Cyllenius, Bernardinus","Parthenius, Antonius",,,,Elegiae,1487,"Paltašiæ, Andrija",Venecija,Zbirka Baltazara Bogišića,Cavtat,,
87,"TIBULLUS, ALBIUS    ","TIBULLUS, ALBIUS","Cyllenius, Bernardinus",,,,,Elegiae sive carmina,1486,"Dobriæeviæ, Dobriæ",Brescia,Zbirka Baltazara Bogišića,Cavtat,,
86,"TERENTIUS AFER, PUBLIUS    ","TERENTIUS AFER, PUBLIUS","Donatus, Aelius",,"Britanicus, Ioannes
Britannico, Giovanni",,,Comoediae,1487,"Paltašiæ, Andrija",Venecija,"Knjižnica Hrvatske akademije znanosti i umjetnosti
",Zagreb,,
85,"ŠIŽGORIÆ, JURAJ    ","ŠIŽGORIÆ, JURAJ",,,,,,Elegiarum et carminum libri tres.,1477,"Adamus, Rotwilensis",Venecija,Knjižnica Hrvatske akademije znanosti i umjetnosti,Zagreb,,
84,ŠIMUN HVARANIN,ŠIMUN HVARANIN,,,,,,De baptismo Sancti Spiritus et eius virtute,1477,"Gallo, Guglielmo",Venecija,"Nacionalna i sveučilišna knjižnica u Zagrebu
Franjevački samostan Navještenja Marijina","Zagreb
Košljun",,
83,"SUETONIUS TRANQUILLUS, GAIUS    ","SUETONIUS TRANQUILLUS, GAIUS","Pasqualis, Simon",,,,,Vitae XII caesarum,1488,"Benedictis, Franciscus (Plato) de",Bologna,Franjevački samostan Male braće,Dubrovnik,,
82,STATUTA CREMONAE,,,,,,,Statuta Cremonae,1485,"Dobriæeviæ, Dobriæ",Brescia,Zbirka Baltazara Bogišića,Cavtat,,
81,"PUCIÆ, KARLO    ","PUCIÆ, KARLO",,,,,,Elegiarum libellus De laudibus Gnesae puellae,1495,Damianus de Gorgonzola,Venecija,"Nacionalna i sveučilišna knjižnica u Zagrebu
Zbirka Baltazara Bogišića","Zagreb
Cavtat",,
80,"PROPERTIUS, SEXTUS AURELIUS    ","PROPERTIUS, SEXTUS AURELIUS",,,"Volscus, Antonius",,,Elegiae,1488,"Paltašiæ, Andrija",Venecija,"Nacionalna i sveučilišna knjižnica u Zagrebu
Zbirka Baltazara Bogišića","Zagreb
Cavtat",,
79,"PROPERTIUS, SEXTUS AURELIUS    ","PROPERTIUS, SEXTUS AURELIUS",,,,,,Elegiae,1486,"Dobriæeviæ, Dobriæ",Brescia,Zbirka Baltazara Bogišića,Cavtat,,
78,"PROBUS, MARCUS VALERIUS    ","PROBUS, MARCUS VALERIUS",,,"Ferrarinus, Michael",,,De interpretandis Romanorum litteris.,1486,"Dobriæeviæ, Dobriæ",Brescia,Nacionalna i sveučilišna knjižnica u Zagrebu,Zagreb,,
77,PLUTARCHUS,PLUTARCHUS,,,,"Guarinus, Veronensis",,Parallela minora,1485,"Dobriæeviæ, Dobriæ",Brescia,Zbirka Baltazara Bogišića,Cavtat,,
76,PLUTARCHUS,PLUTARCHUS,,,,"Rinuccinus, Alemannus",,De claris mulieribus. De virtutibus mulierum.,1485,"Dobriæeviæ, Dobriæ",Brescia,Zbirka Baltazara Bogišića,Cavtat,,
75,PHALARIS,PHALARIS,,,,,,Epistolae,1498,"Pelusius, Bartholomaeus
Bracius, Gabriel 
Bissolus, Johannes
Mangius, Benedictus",Venecija,Sveučilišna knjižnica u Puli,Pula,,
74,OFFICIUM,,,,,,,OFFICIUM,1501,"Dobriæeviæ, Dobriæ",Lyon,Nacionalna i sveučilišna knjižnica u Zagrebu,Zagreb,,
73,"ODONIS, GERALDUS    ","ODONIS, GERALDUS",,,"Gratianus, Brixiensis
",,,Expositio in Aristotelis Ethica,1482,"Dobriæeviæ, Dobriæ
Manerva, Bonifacius de",Brescia,"Franjevački samostan Male braće
Franjevački samostan sv. Frane","Dubrovnik
Šibenik",,
72,NONIUS MARCELLUS,NONIUS MARCELLUS,,,,,,De proprietate Latini sermonis.,1483,"Dobriæeviæ, Dobriæ",Brescia,Zbirka Baltazara Bogišića,Cavtat,,
71,"NIMIRA, MARTINUS DE    ","NIMIRA, MARTINUS DE",,,,,,Sermo de passione Domini.,1494,"Silber, Eucharius",Rim,Nacionalna i sveučilišna knjižnica u Zagrebu,Zagreb,,
70,NIKOLA MODRUŠKI,NIKOLA MODRUŠKI,,,,,,Oratio in funere Reverendissimi domini D. Petri Cardinalis sancti Sixti habita a revere[n]do patre d[omi]no Nicolao ep[isco]po Modrusien[si],1484,"Guldinbeck, Bartholomaeus",Rim,Nacionalna i sveučilišna knjižnica u Zagrebu,Zagreb,,
69,NIKOLA MODRUŠKI,NIKOLA MODRUŠKI,,,,,,Oratio in funere Petri cardinalis s. Sixti habita.,1481,"Plannck, Stephan",Rim,Zbirka Baltazara Bogišića,Cavtat,,
68,NIKOLA MODRUŠKI,NIKOLA MODRUŠKI,,,,,,Oratio in funere Petri cardinalis s. Sixti habita.,1474,"Gensberg, Johannes",Rim,Zbirka Baltazara Bogišića,Cavtat,,
67,"NIGER, FRANJO    ","NIGER, FRANJO  ",,,,,,Modus epistolandi.,1495,"Bevilacqua, Simone",Venecija,Nacionalna i sveučilišna knjižnica u Zagrebu,Zagreb,,
66,"NIGER, FRANJO    ","NIGER, FRANJO  ",,,,,,Modus epistolandi.,1492,"Capcasa, Matteo",Venecija,Nacionalna i sveučilišna knjižnica u Zagrebu,Zagreb,,
65,"MARCHESINUS, JOHANNES    ","MARCHESINUS, JOHANNES",,,,,,Mammotrectus super Bibliam.,1482,"Paltašiæ, Andrija
Scotus, Octavianus",Venecija,"Zbirka Baltazara Bogišića
Franjevački samostan sv. Bernardina Sijenskog","Cavtat
Kampor",,
64,"MACROBIUS, AURELIUS THEODOSIUS    ","MACROBIUS, AURELIUS THEODOSIUS",,,,,,In somnium Scipionis expositio. Saturnalia.,1485,"Dobriæeviæ, Dobriæ",Brescia,"Zbirka Baltazara Bogišića
Opatska knjižnica
Metropolitanska knjižnica
Metropolitanska knjižnica","Cavtat
Korèula
Zagreb
Zagreb",,
63,LUDOVICUS A TURRI DE VERONA,LUDOVICUS A TURRI DE VERONA,,,,,,De immaculata conceptione B.V. Mariae,1486,"Dobriæeviæ, Dobriæ",Brescia,"Zbirka Baltazara Bogišića
Franjevački samostan Gospe od milosti","Cavtat
Hvar",,
62,"LACTANTIUS, LUCIUS CAECILIUS FIRMIANUS    ","LACTANTIUS, LUCIUS CAECILIUS FIRMIANUS",,,,,,Opera,1478,"Paltašiæ, Andrija
Dobriæeviæ, Dobriæ",Venecija,"Nacionalna i sveučilišna knjižnica u Zagrebu
Zbirka Baltazara Bogišića
Znanstvena knjižnica Sveučilišta u Zadru","Zagreb
Cavtat
Zadar",,
61,JACOBUS PHILIPPUS DE BERGAMO,JACOBUS PHILIPPUS DE BERGAMO,,,,,,Supplementum chronicarum,1485,"Dobriæeviæ, Dobriæ",Brescia,"Nacionalna i sveučilišna knjižnica u Zagrebu
Zbirka Baltazara Bogišića
Znanstvena knjižnica","Zagreb
Cavtat
Dubrovnik",,
60,JACOBUS DE VORAGINE,JACOBUS DE VORAGINE,,,,,,"Legenda aurea sanctorum, sive Lombardica historia",1482,"Paltašiæ, Andrija
Scotus, Octavianus",Venecija,Nacionalna i sveučilišna knjižnica u Zagrebu,Zagreb,,
59,"IUVENALIS, DECIMUS IUNIUS","IUVENALIS, DECIMUS IUNIUS","Calderinus, Domitius",,,,,Satyrae,1488,"Paltašiæ, Andrija",Venecija,Znanstvena knjižnica,Dubrovnik,,
58,"HIERONYMUS, SANCTUS    ","HIERONYMUS, SANCTUS    ",,,,,,"Vitae sanctorum patrum, sive Vitas patrum",1483,"Scotus, Octavianus",Venecija,"Nacionalna i sveučilišna knjižnica u Zagrebu
Franjevački samostan Navještenja Marijina
Franjevački samostan sv. Ivana Krstitelja
Metropolitanska knjižnica","Zagreb
Košljun
Varaždin
Zagreb",,
57,"HIERONYMUS, SANCTUS    ","HIERONYMUS, SANCTUS    ",,,,,,"Vitae sanctorum patrum, sive Vitas patrum",1479,"Lichtenstein, Hermann",Vicenza,Nacionalna i sveučilišna knjižnica u Zagrebu,Zagreb,,
56,"HIERONYMUS, SANCTUS    ","HIERONYMUS, SANCTUS",,,,,,"Vitae sanctorum patrum, sive Vitas patrum",1479,"Girardengus, Nicolaus, de Novis",Venecija,Franjevački samostan sv. Frane,Zadar,,
55,"HIERONYMUS, SANCTUS    ","HIERONYMUS, SANCTUS",,,,,,"Vitae sanctorum patrum, sive Vitas patrum",1476,"Miscomini, Antonio di Bartolommeo",Venecija,Franjevački samostan Gospe od milosti,Hvar,,"Lichtenstein, Hermann"
54,"HIERONYMUS, SANCTUS    ","HIERONYMUS, SANCTUS    ",,,,,,Vita et transitus,1490,"Bonaccorsi, Francesco",Firenza,Arheološki muzej,Split,,
53,"HIERONYMUS, SANCTUS    ","HIERONYMUS, SANCTUS    ",,,,,,Vita et transitus,1487,Hannibal Foxius,Venecija,Nadbiskupski ordinarijat,Zadar,,
52,"HIERONYMUS, SANCTUS    ","HIERONYMUS, SANCTUS    ",,,,,,Vita et transitus,1485,"Pasqualibus, Peregrinus de
Bertochus, Dominicus",Venecija,"Metropolitanska knjižnica
Metropolitanska knjižnica","Zagreb
Zagreb",,
51,"HIERONYMUS, SANCTUS    ","HIERONYMUS, SANCTUS    ",,,,,,Vita et transitus,1480,"Manzolus, Michael",Treviso,Franjevački samostan sv. Frane,Šibenik,,
50,"HIERONYMUS, SANCTUS    ","HIERONYMUS, SANCTUS",,,,,,Vita et transitus,1475,"Pietro, Gabriele di",Venecija,Franjevački samostan Male braće,Dubrovnik,,
49,"HIERONYMUS, SANCTUS    ","HIERONYMUS, SANCTUS    ",,,,,,Epistolae,1497,"Rubeis, Laurentius de, de Valentia",Ferrara,Franjevački samostan sv. Frane,Šibenik,,
48,"HIERONYMUS, SANCTUS    ","HIERONYMUS, SANCTUS    ",,,,,,Epistolae,1497,"Kessler, Nicolaus",Basel,"Arheološki muzej
Katolički bogoslovni fakultet
Knjižnica Hrvatske akademije znanosti i umjetnosti","Split
Split
Zagreb",,
47,"HIERONYMUS, SANCTUS    ","HIERONYMUS, SANCTUS    ",,,,,,Epistolae,1496,"Vercellensis, Johannes Rubeus",Venecija,"Nacionalna i sveučilišna knjižnica u Zagrebu
Nacionalna i sveučilišna knjižnica u Zagrebu
Franjevački samostan Male braće
Knjižnica Hvarske biskupije
Franjevački samostan sv. Duje
Franjevački samostan sv. Lovre
Znanstvena knjižnica Sveučilišta u Zadru","Zagreb
Zagreb
Dubrovnik
Hvar
Kraj
Šibenik
Zadar",,
46,"HIERONYMUS, SANCTUS    ","HIERONYMUS, SANCTUS",,,,,,Epistolae,1496,"Pincius, Doninus",Venecija,Franjevački samostan sv. Frane,Šibenik,,
45,"HIERONYMUS, SANCTUS    ","HIERONYMUS, SANCTUS",,,"Lelli, Teodoro de'",,,Epistole,1490,"Benalius, Bernardinus",Venecija,Franjevački samostan sv. Frane,Zadar,,
44,"HIERONYMUS, SANCTUS    ","HIERONYMUS, SANCTUS",,,"Lelli, Teodoro de'",,,Epistolae,1489,"Kessler, Nicolaus",Basel,"Nacionalna i sveučilišna knjižnica u Zagrebu
Franjevački samostan Navještenja Marijina
Arheološki muzej","Zagreb
Košljun
Split",,
43,"HIERONYMUS, SANCTUS    ","HIERONYMUS, SANCTUS",,,"Lelli, Teodoro de'",,,Epistolae,1480,Typ. Hieronymi,Parma,"Franjevački samostan Male braće
Dominikanski samostan sv. Katarine
Franjevački samostan svetog Ante
Franjevački samostan sv. Frane","Dubrovnik
Split
Split
Zadar",,
42,"HIERONYMUS, SANCTUS    ","HIERONYMUS, SANCTUS",,,"Lelli, Teodoro de'",,,Epistolae,1476,"Miscomini, Antonio di Bartolommeo",Venecija,"Nacionalna i sveučilišna knjižnica u Zagrebu
Franjevački samostan sv. Bernardina Sijenskog
Bogoslovno sjemenište
Knjižnica 'Juraj Habdelić'","Zagreb
Kampor
Split
Zagreb",,
41,"HIERONYMUS, SANCTUS    ","HIERONYMUS, SANCTUS",,,,,,Epistolae,1470,"Sweynheym, Konrad
Pannartz, Arnold",Rim,"Franjevački samostan sv. Lovre
Franjevački samostan sv. Franje Asiškog","Šibenik
Zagreb",,
40,"HIERONYMUS, SANCTUS    ","HIERONYMUS, SANCTUS",,,"Bernardinus, Gardolus",,,Commentaria in Bibliam,1497,"Gregoriis, Johannes de",Venecija,"Knjižnica Hvarske biskupije
Franjevački samostan sv. Antuna Padovanskog
Franjevački samostan sv. Antuna Padovanskog
Dominikanski samostan sv. Katarine
Franjevački samostan sv. Frane
Knjižnica 'Juraj Habdelić'
Muzej suvremene umjetnosti","Hvar
Koprivnica
Našice
Split
Šibenik
Zagreb
Zagreb",,
39,"GELLIUS, AULUS    ","GELLIUS, AULUS  ",,,,,,Noctes Atticae,1485,"Dobriæeviæ, Dobriæ",Brescia,"Nacionalna i sveučilišna knjižnica u Zagrebu
Zbirka Baltazara Bogišića
Znanstvena knjižnica
Opatska knjižnica
Metropolitanska knjižnica","Zagreb
Cavtat
Dubrovnik
Korèula
Zagreb",,
38,"GELLIUS, AULUS    ","GELLIUS, AULUS  ",,,,,,Noctes Atticae,1477,"Paltašiæ, Andrija",Venecija,"Nacionalna i sveučilišna knjižnica u Zagrebu
Zbirka Baltazara Bogišića
Metropolitanska knjižnica","Zagreb
Cavtat
Zagreb",,
37,"FIDELIS, CASSANDRA","FIDELIS, CASSANDRA",,,,,,Oratio pro Bertucio Lamberto etc.,1489,"Wagner, Petrus",Nürnberg,Nacionalna i sveučilišna knjižnica u Zagrebu,Zagreb,,
36,"FICINUS, MARSILIUS    ","FICINUS, MARSILIUS",,,,,,De triplici vita,1498,"Pelusius, Bartholomaeus
Bracius, Gabriel 
Bissolus, Johannes
Mangius, Benedictus",Venecija,Nacionalna i sveučilišna knjižnica u Zagrebu,Zagreb,,
35,"FESTUS, SEXTUS POMPEIUS    ","FESTUS, SEXTUS POMPEIUS",,,,,,De verborum significatione,1483,"Dobriæeviæ, Dobriæ",Brescia,Zbirka Baltazara Bogišića,Cavtat,,
34,EVANGELISTARIUM ILLYRICUM,,,,,,,EVANGELISTARIUM ILLYRICUM,1495,Damianus de Gorgonzola,Venecija,"Franjevački samostan Majke Božje Trsatske
Knjižnica 'Juraj Habdelić' ","Rijeka
Zagreb",,
33,"DRAGIŠIÆ, JURAJ    ","DRAGIŠIÆ, JURAJ",,,,,,Oratio funebris pro Junio Georgio habita,1499,Nepoznat,Firenza,"Zbirka Baltazara Bogišića
Franjevački samostan Male braće","Cavtat
Dubrovnik",,
32," DRAGIŠIÆ, JURAJ    ","DRAGIŠIÆ, JURAJ",,,,,,De natura angelica.,1499,"Libris, Bartholomeo de",Firenza,"Nacionalna i sveučilišna knjižnica u Zagrebu
Franjevački samostan Male braće
Znanstvena knjižnica
Knjižnica Hrvatske akademije znanosti i umjetnosti
Knjižnica 'Juraj Habdelić' ","Zagreb
Dubrovnik
Dubrovnik
Zagreb
Zagreb",,
31,DIONYSIUS CARTHUSIANUS,DIONYSIUS CARTHUSIANUS,,,,,,Dialogus Mariae et peccatoris etc.,1480,"Braem, Konrad",Löwen,Nacionalna i sveučilišna knjižnica u Zagrebu,Zagreb,,
30," DIODORUS, SICULUS    ","DIODORUS, SICULUS
Tacitus, Gaius Cornelius",,,,"Bracciolini, Jacopo",,Bibliothecae historicae libri VI.,1476,"Paltašiæ, Andrija",Venecija,"Nacionalna i sveučilišna knjižnica u Zagrebu
Zbirka Baltazara Bogišića","Zagreb
Cavtat",,
29," CIPIKO, KORIOLAN    ","CIPIKO, KORIOLAN",,,,,Bernhard Maler,Petri Mocenici imperatoris gesta,1477,"Ratdolt, Erhard
Löslein, Peter",Venecija,"Nacionalna i sveučilišna knjižnica u Zagrebu
Franjevački samostan Male braće
Muzej grada Trogira
Državni arhiv u Zadru","Zagreb
Dubrovnik
Trogir
Zadar",,
28,"CICERO, MARCUS TULLIUS    ","CICERO, MARCUS TULLIUS  ",Hubertinus clericus,,,,,Epistolae ad familiares (comm. Hubertinus Clericus Crescentinas),1488,"Paltašiæ, Andrija",Venecija,Nacionalna i sveučilišna knjižnica u Zagrebu,Zagreb,,
27,"CICERO, MARCUS TULLIUS    ","CICERO, MARCUS TULLIUS",Hubertinus clericus Crescentinas,,,,,Epistolae ad familiares,1487,"Paltašiæ, Andrija",Venecija,Zbirka Baltazara Bogišića,Cavtat,,
26,"CICERO, MARCUS TULLIUS    ","CICERO, MARCUS TULLIUS","Hubertinus, Crescentinas",,,,,Epistole ad familiares,1480,"Paltašiæ, Andrija",Venecija,"Znanstvena knjižnica
Franjevački samostan Gospe od milosti ","Dubrovnik
Hvar",,
25,"CICERO, MARCUS TULLIUS    ","CICERO, MARCUS TULLIUS",,,,,,De oratore,1478,"Paltašiæ, Andrija",Venecija,Znanstvena knjižnica,Dubrovnik,,
24,"CATULLUS, GAIUS VALERIUS    ","CATULLUS, GAIUS VALERIUS","Partenio, Antonio","Juliarius, Jacobus",,,,Carmina,1486,"Dobriæeviæ, Dobriæ",Brescia,Zbirka Baltazara Bogišića,Cavtat,,
23,"BURLAEUS, GUALTHERUS","BURLAEUS, GUALTHERUS",,,,,,Expositio in artem veterem Porphyrii et Aristotelis,1492,"Paltašiæ, Andrija",Venecija,"Nacionalna i sveučilišna knjižnica u Zagrebu
Zbirka Baltazara Bogišića","Zagreb
Cavtat",,
22,"BUNIÆ, JAKOV    ","BUNIÆ, JAKOV  ",,,,,,De raptu Cerberi libri tres.,1490,"Plannck, Stephan",Rim,Nacionalna i sveučilišna knjižnica u Zagrebu,Zagreb,,
21,"BLONDUS, FLAVIUS    ","BLONDUS, FLAVIUS",,,"Pantheus, Johannes Antonius",,,Roma instaurata.,1481,"Dobriæeviæ, Dobriæ",Verona,"Nacionalna i sveučilišna knjižnica u Zagrebu
Nacionalna i sveučilišna knjižnica u Zagrebu
Zbirka Baltazara Bogišića
Znanstvena knjižnica
Znanstvena knjižnica Sveučilišta u Zadru","Zagreb
Zagreb
Cavtat
Dubrovnik
Zadar",,
20,BIBLIA,,,,,"Pontio, Bartolomeo",,BIBLIA,1484,"Paltašiæ, Andrija",Venecija,Nacionalna i sveučilišna knjižnica u Zagrebu,Zagreb,,
19,BARTOLUS DE SAXOFERRATO,BARTOLUS DE SAXOFERRATO,,"Tartagnus, Alexander",,,,Super secunda parte Digesti veteris cum additionibus Alexandri Tartagni.,1492,"Paltašiæ, Andrija",Venecija,"Franjevački samostan sv. Frane
Metropolitanska knjižnica","Zadar
Zagreb",,
18,BARTOLUS DE SAXOFERRATO,BARTOLUS DE SAXOFERRATO,,"Tartagnus, Alexander",,,,Super prima parte Codicis cum additionibus Alexandri Tartagni.,1491,"Paltašiæ, Andrija",Venecija,"Franjevački samostan sv. Frane
Metropolitanska knjižnica","Zadar
Zagreb",,
17,BARTOLUS DE SAXOFERRATO,BARTOLUS DE SAXOFERRATO,,"Tartagnus, Alexander",,,,Super secunda parte Codicis cum additionibus Alexandri Tartagni.,1490,"Paltašiæ, Andrija",Venecija,Franjevački samostan sv. Frane,Zadar,,
16,BARTOLUS DE SAXOFERRATO,BARTOLUS DE SAXOFERRATO,,"Tartagnus, Alexander",,,,Super prima parte Digesti veteris cum additionibus Alexandri Tartagni.,1490,"Paltašiæ, Andrija",Venecija,Franjevački samostan sv. Frane,Zadar,,
15,BALDUS DE UBALDIS,BALDUS DE UBALDIS,,,"Zanetis, Joannes Antonius de",,,Consiliorum partes V.,1490,"Dobriæeviæ, Dobriæ",Brescia,"Nacionalna i sveučilišna knjižnica u Zagrebu
Zbirka Baltazara Bogišića
Državni arhiv Dubrovnik","Zagreb
Cavtat
Dubrovnik",,
14,"AURELIUS, VICTOR SEXTUS    ","AURELIUS, VICTOR SEXTUS",,,,,,De viris illustribus,1477,"Paltašiæ, Andrija",Venecija,"Zbirka Baltazara Bogišića
Zbirka Baltazara Bogišića","Cavtat
Cavtat",,
13,AUCTORITATES,Aristotelis,,,,,,Auctoritates,1495,"Paganini, Paganino de’, st.",Venecija,"Franjevački samostan Male braće
Franjevački samostan Navještenja Marijina","Dubrovnik
Košljun",,
12,ARISTOTELES,ARISTOTELES,"Thomas Aquinas, sanctus","Ludovicus, de Ferrara",,"Bruni, Leonardo",,Politica,1492,"Silber, Eucharius",Rim,Prva gimnazija Split,Split,,
11,ANTONINUS FLORENTINUS,ANTONINUS FLORENTINUS,,,,,,Summa theologica. Pars III.,1485,"Paltašiæ, Andrija",Venecija,"Nacionalna i sveučilišna knjižnica u Zagrebu
Zbirka Baltazara Bogišića
Franjevački samostan Navještenja Marijina","Zagreb
Cavtat
Košljun",,
10,"ALIGHIERI, DANTE    ","ALIGHIERI, DANTE","Landinus, Christophorus","Ficinus, Marsilius",,,,La Commedia,1487,"Dobriæeviæ, Dobriæ",Brescia,Nacionalna i sveučilišna knjižnica u Zagrebu,Zagreb,,
9,ALBUMASAR,ALBUMASAR,,,,,,Introductorium in astronomiam,1489,"Ratdolt, Erhard",Augsburg,Nacionalna i sveučilišna knjižnica u Zagrebu,Zagreb,,
8,"ALBERTUS MAGNUS, SANCTUS    ","ALBERTUS MAGNUS, SANCTUS",,,,,,Compendium theologicae veritatis,1483,"Grgur Senjanin
Jacobum Britannicum",Venecija,"Nacionalna i sveučilišna knjižnica u Zagrebu
Nacionalna i sveučilišna knjižnica u Zagrebu
Zbirka Baltazara Bogišića
Franjevački samostan Male braće","Zagreb
Zagreb
Cavtat
Dubrovnik",,
7,ALBERTUS DE SAXONIA,ALBERTUS DE SAXONIA,,,,,,De proportionibus.,1487,"Paltašiæ, Andrija",Venecija,"Nacionalna i sveučilišna knjižnica u Zagrebu
Zbirka Baltazara Bogišića","Zagreb
Cavtat",,
6,AESOPUS,AESOPUS,,"Zucco, Accio",,,,Aesopus moralisatus,1487,"Dobriæeviæ, Dobriæ",Brescia,Franjevački samostan Gospe od anđela,Visovac,,
5,"AEGIDII, GUILLERMUS","AEGIDII, GUILLERMUS",,,"Dobiæ, Dobriæeviæ",,,Super coelestium motuum indigatione,1494,"Darleri, Carlo",Cremona,Zbirka Baltazara Bogišića,Cavtat,,
4,MISSALE ROMANUM 1494,,,,,,,Senjski glagoljski misal,1494,"Bedrièiæ, Silvestar
Turèiæ, Gašpar
Baromiæ, Blaž",Senj,Franjevački samostan sv. Franje,Cres,,
3,MISSALE ROMANUM 1483,,,,,,,Misal po zakonu rimskoga dvora,1483,,,"Nacionalna i sveučilišna knjižnica u Zagrebu
Nacionalna i sveučilišna knjižnica u Zagrebu
Dominikanski samostan Sv. Marije Milosne
Franjevački samostan Navještenja Marijina
Knjižnica Hrvatske akademije znanosti i umjetnosti
Knjižnica Hrvatske akademije znanosti i umjetnosti
Knjižnice Grada Zagreba
Samostan sv. Franje ksaverskoga
Staroslavenski institut","Zagreb
Zagreb
Bol
Košljun
Zagreb
Zagreb
Zagreb
Zagreb
Zagreb",,
2,"CARCANO, MICHAEL DE     ","Carcano, Michele",,,,"Blažioloviæ, Blaž",,Spovid općena,1496,"Baromiæ, Blaž",Senj,Samostan sv. Franje ksaverskoga,Zagreb,,
1,BREVIARIUM,,,,,,,Breviarium romanum,1493,"Torresanus, Andreas, de Asula
Baromiæ, Blaž",Venecija,"Nacionalna i sveučilišna knjižnica u Zagrebu
Nacionalna i sveučilišna knjižnica u Zagrebu","Zagreb
Zagreb",,
